Workbook

Sheet Evidence Register
A1: VENDOR EVIDENCE REGISTER
A2: Track security, privacy, and resilience evidence collected from vendors. Update Status and Valid Until as evidence is refreshed or expires.
A4: Evidence ID | B4: Evidence | C4: Vendor | D4: Control / Domain | E4: Date Received | F4: Valid Until | G4: Status | H4: Reviewer | I4: Finding / Notes
A5: EV-001 | B5: ISO/IEC 27001:2022 Certificate | C5: Acme Cloud Services | D5: Compliance – ISO 27001 | E5: 45976 | F5: 47071 | G5: Valid | H5: J. Patel | I5: Certificate covers full scope of SaaS platform. Surveillance audit passed May 2026.
A6: EV-002 | B6: SOC 2 Type II Report | C6: Acme Cloud Services | D6: Compliance – SOC 2 | E6: 46101 | F6: 46465 | G6: Valid | H6: J. Patel | I6: Unqualified opinion. Trust Services Criteria: Security, Availability, Confidentiality. No material exceptions.
A7: EV-003 | B7: External Penetration Test Report | C7: Acme Cloud Services | D7: Vulnerability Management | E7: 46063 | F7: 46427 | G7: Valid | H7: S. Okonkwo | I7: Annual web + API pen test. All Critical/High findings remediated and retested.
A8: EV-004 | B8: Vulnerability Scan Summary (Q2) | C8: Acme Cloud Services | D8: Vulnerability Management | E8: 46203 | F8: 46295 | G8: Valid | H8: S. Okonkwo | I8: Authenticated scans of production environment. No open Critical vulnerabilities.
A9: EV-005 | B9: User Access Review Evidence | C9: Acme Cloud Services | D9: Access Control – Reviews | E9: 46127 | F9: 46491 | G9: Valid | H9: M. Chen | I9: Annual privileged & standard user access recertification completed. Sign-off retained.
A10: EV-006 | B10: MFA Configuration Evidence | C10: Acme Cloud Services | D10: Access Control – MFA | E10: 46044 | F10: 46408 | G10: Valid | H10: M. Chen | I10: MFA enforced for all remote and privileged access. Screenshot + policy extract provided.
A11: EV-007 | B11: Business Continuity Plan (BCP) | C11: Acme Cloud Services | D11: Business Continuity | E11: 45905 | F11: 46269 | G11: Expiring Soon | H11: R. Alvarez | I11: BCP last updated Sep 2025. Annual review due within 30 days.
A12: EV-008 | B12: Disaster Recovery Test Results | C12: Acme Cloud Services | D12: Business Continuity – DR | E12: 46154 | F12: 46518 | G12: Valid | H12: R. Alvarez | I12: Full failover test completed. RTO/RPO objectives met. Lessons-learned log attached.
A13: EV-009 | B13: Incident Response Plan | C13: Acme Cloud Services | D13: Incident Management | E13: 45999 | F13: 46363 | G13: Valid | H13: J. Patel | I13: IRP defines roles, escalation, and customer notification timelines aligned to contractual SLAs.
A14: EV-010 | B14: Privacy Policy / Notice | C14: Acme Cloud Services | D14: Privacy | E14: 46032 | F14: 46396 | G14: Valid | H14: L. Berg | I14: Public privacy notice reflects current processing activities and sub-processor disclosures.
A15: EV-011 | B15: Sub-processor List | C15: Acme Cloud Services | D15: Privacy – Sub-processors | E15: 46204 | F15: 46569 | G15: Valid | H15: L. Berg | I15: Current list of sub-processors with locations and processing purposes. Change notification process confirmed.
A16: EV-012 | B16: Encryption Statement / Standards | C16: Acme Cloud Services | D16: Data Protection – Encryption | E16: 46086 | F16: 46450 | G16: Valid | H16: S. Okonkwo | I16: AES-256 at rest; TLS 1.2+ in transit. Key management overview provided.
... A22: EV-018 | B22: Incident Response Tabletop Exercise Report | C22: Acme Cloud Services | D22: Incident Management – Testing | E22: 46178 | F22: 46542 | G22: Valid | H22: J. Patel | I22: Annual tabletop completed. Action items tracked and closed.
A29: Status Legend
A30: Valid | B30: Evidence is current and within validity period
A31: Expiring Soon | B31: Validity ends within ~60 days; request refresh
A32: Expired | B32: Past Valid Until date; treat as missing until refreshed
A33: Pending Review | B33: Received but not yet reviewed / accepted
A34: Not Applicable | B34: Evidence type not relevant to this vendor / service

Sheet Summary
A1: EVIDENCE REGISTER SUMMARY
A3: Counts by Status
A4: Status | B4: Count
A5: Valid | B5: =COUNTIF('Evidence Register'!G:G,A5) -> 16
A6: Expiring Soon | B6: =COUNTIF('Evidence Register'!G:G,A6) -> 2
A7: Expired | B7: =COUNTIF('Evidence Register'!G:G,A7) -> 0
A8: Pending Review | B8: =COUNTIF('Evidence Register'!G:G,A8) -> 0
A9: Not Applicable | B9: =COUNTIF('Evidence Register'!G:G,A9) -> 0
A11: Total Evidence Items | B11: =COUNTIF('Evidence Register'!A5:A100,"EV-*") -> 18
A13: Evidence by Control / Domain
A14: Control / Domain | B14: Items
A15: Compliance – ISO 27001 | B15: =COUNTIF('Evidence Register'!D:D,A15) -> 1
A16: Compliance – SOC 2 | B16: =COUNTIF('Evidence Register'!D:D,A16) -> 1
A17: Vulnerability Management | B17: =COUNTIF('Evidence Register'!D:D,A17) -> 2
A18: Access Control – Reviews | B18: =COUNTIF('Evidence Register'!D:D,A18) -> 1
A19: Access Control – MFA | B19: =COUNTIF('Evidence Register'!D:D,A19) -> 1
A20: Access Control – Privileged | B20: =COUNTIF('Evidence Register'!D:D,A20) -> 1
A21: Business Continuity | B21: =COUNTIF('Evidence Register'!D:D,A21) -> 1
A22: Business Continuity – DR | B22: =COUNTIF('Evidence Register'!D:D,A22) -> 1
A23: Business Continuity – Backup | B23: =COUNTIF('Evidence Register'!D:D,A23) -> 1
A24: Incident Management | B24: =COUNTIF('Evidence Register'!D:D,A24) -> 1
A25: Incident Management – Testing | B25: =COUNTIF('Evidence Register'!D:D,A25) -> 1
A26: Privacy | B26: =COUNTIF('Evidence Register'!D:D,A26) -> 1
... A31: Governance – Awareness | B31: =COUNTIF('Evidence Register'!D:D,A31) -> 1

Sheet Instructions
A1: VENDOR EVIDENCE REGISTER — INSTRUCTIONS
A3: Purpose
B4: Maintain a living inventory of security, privacy, and resilience evidence obtained from vendors. Supports audit readiness, continuous monitoring, and timely refresh of expiring artifacts.
A6: Column definitions
A7: Evidence ID | B7: Unique identifier (e.g., EV-001). Keep sequential for traceability.
A8: Evidence | B8: Short descriptive name of the artifact (certificate, report, policy extract, screenshot pack, etc.).
A9: Vendor | B9: Legal or trading name of the third party that supplied the evidence.
A10: Control / Domain | B10: Mapped control area (e.g., Access Control – MFA, Compliance – SOC 2). Aligns with questionnaire and scoring domains.
A11: Date Received | B11: Date the evidence was received or accepted by the assessor.
A12: Valid Until | B12: Expiry date of the certificate/report, or the date by which refreshed evidence is required (whichever is earlier).
A13: Status | B13: Valid | Expiring Soon | Expired | Pending Review | Not Applicable. Update whenever evidence is refreshed or ages out.
A14: Reviewer | B14: Person who reviewed and accepted the evidence.
A15: Finding / Notes | B15: Key observations, scope limitations, open actions, or links to the stored artifact.
A17: Recommended practice
B18: 1. Request evidence as part of initial due diligence and on a defined refresh cycle (often aligned to certificate validity or annual review).
B19: 2. Set Valid Until to the earlier of formal expiry or internal policy refresh interval (e.g., annual for policies, 12 months for SOC 2).
B20: 3. Flag items as Expiring Soon ~60 days before Valid Until so there is time to request updates.
B21: 4. Store the actual files in a controlled repository and reference location or ticket ID in the Notes column.
B22: 5. Use the Summary sheet to monitor overall evidence health and coverage by control domain.
A24: Sample data
B25: Eighteen realistic sample entries for a single vendor (Acme Cloud Services) are pre-populated to illustrate usage. Replace or extend with your actual vendor evidence.
