Workbook

Sheet Dashboard
A1: GRC MASTER DASHBOARD
A2: As of: 23 August 2026 | Risk Methodology: Likelihood (1-5) × Impact (1-5) → Score 1-25 (Low 1-4 | Medium 5-9 | High 10-15 | Critical 16-25)
B4: TOTAL RISKS | D4: HIGH / CRITICAL RISKS | F4: OPEN FINDINGS | H4: OVERDUE FINDINGS
B5: =COUNTA('Risk Register'!A5:A21) -> 17 | D5: =COUNTIF('Risk Register'!I5:I21,"High")+COUNTIF('Risk Register'!I5:I21,"Critical") -> 4 | F5: =COUNTIF('Audit Findings'!H5:H16,"Open")+COUNTIF('Audit Findings'!H5:H16,"In Progress") -> 10 | H5: =COUNTIF('Audit Findings'!J5:J16,"Yes") -> 7
B7: CONTROLS TESTED | D7: FAILED CONTROLS | F7: AVG COMPLIANCE % | H7: VENDORS ASSESSED
B8: =COUNTIF('Control Status'!G5:G22,"<>Not Tested") -> 17 | D8: =COUNTIF('Control Status'!G5:G22,"Ineffective") -> 1 | F8: =IFERROR(COUNTIF('Control Status'!I5:I22,"Effective")/COUNTA('Control Status'!I5:I22),0) -> 0.61111111 | H8: 12
A10: RISK LEVEL DISTRIBUTION | E10: CONTROL EFFECTIVENESS
A11: Level | B11: Count | C11: % of Total | E11: Result | F11: Count | G11: % of Total
A12: Critical | B12: =COUNTIF('Risk Register'!I5:I21,A12) -> 1 | C12: =IFERROR(B12/B16,0) -> 0.058823529 | E12: Effective | F12: =COUNTIF('Control Status'!I5:I22,E12) -> 11 | G12: =IFERROR(F12/F16,0) -> 0.61111111
A13: High | B13: =COUNTIF('Risk Register'!I5:I21,A13) -> 3 | C13: =IFERROR(B13/B16,0) -> 0.17647059 | E13: Partially Effective | F13: =COUNTIF('Control Status'!I5:I22,E13) -> 5 | G13: =IFERROR(F13/F16,0) -> 0.27777778
A14: Medium | B14: =COUNTIF('Risk Register'!I5:I21,A14) -> 10 | C14: =IFERROR(B14/B16,0) -> 0.58823529 | E14: Ineffective | F14: =COUNTIF('Control Status'!I5:I22,E14) -> 1 | G14: =IFERROR(F14/F16,0) -> 0.055555556
A15: Low | B15: =COUNTIF('Risk Register'!I5:I21,A15) -> 3 | C15: =IFERROR(B15/B16,0) -> 0.17647059 | E15: Not Tested | F15: =COUNTIF('Control Status'!I5:I22,E15) -> 1 | G15: =IFERROR(F15/F16,0) -> 0.055555556
A16: Total | B16: =SUM(B12:B15) -> 17 | C16: =SUM(C12:C15) -> 1 | E16: Total | F16: =SUM(F12:F15) -> 18 | G16: =SUM(G12:G15) -> 1
A18: FINDINGS STATUS | E18: KRI STATUS SNAPSHOT
A19: Status | B19: Count | C19: % of Total | E19: Status | F19: Count | G19: % of Total
A20: Open | B20: =COUNTIF('Audit Findings'!H5:H16,A20) -> 6 | C20: =IFERROR(B20/B23,0) -> 0.5 | E20: Green | F20: =COUNTIF(KRI!G5:G14,E20) -> 0 | G20: =IFERROR(F20/F23,0) -> 0
A21: In Progress | B21: =COUNTIF('Audit Findings'!H5:H16,A21) -> 4 | C21: =IFERROR(B21/B23,0) -> 0.33333333 | E21: Amber | F21: =COUNTIF(KRI!G5:G14,E21) -> 8 | G21: =IFERROR(F21/F23,0) -> 0.8
A22: Closed | B22: =COUNTIF('Audit Findings'!H5:H16,A22) -> 2 | C22: =IFERROR(B22/B23,0) -> 0.16666667 | E22: Red | F22: =COUNTIF(KRI!G5:G14,E22) -> 2 | G22: =IFERROR(F22/F23,0) -> 0.2
A23: Total | B23: =SUM(B20:B22) -> 12 | C23: =SUM(C20:C22) -> 1 | E23: Total | F23: =SUM(F20:F22) -> 10 | G23: =SUM(G20:G22) -> 1
A25: TOP OPEN HIGH / CRITICAL RISKS
A26: Risk ID | B26: Risk | C26: Category | D26: Residual Score | E26: Risk Level | F26: Owner | G26: Treatment | H26: Status
A27: ='Risk Register'!A5 -> R-001 | B27: ='Risk Register'!B5 -> Unauthorized access to production systems via compromised credentials | C27: ='Risk Register'!C5 -> Cybersecurity | D27: ='Risk Register'!H5 -> 16 | E27: ='Risk Register'!I5 -> Critical | F27: ='Risk Register'!J5 -> IT Security | G27: ='Risk Register'!K5 -> Treat | H27: ='Risk Register'!L5 -> Open
A28: ='Risk Register'!A6 -> R-002 | B28: ='Risk Register'!B6 -> Ransomware attack encrypting critical business data | C28: ='Risk Register'!C6 -> Cybersecurity | D28: ='Risk Register'!H6 -> 12 | E28: ='Risk Register'!I6 -> High | F28: ='Risk Register'!J6 -> CISO | G28: ='Risk Register'!K6 -> Treat | H28: ='Risk Register'!L6 -> Open
A29: ='Risk Register'!A8 -> R-004 | B29: ='Risk Register'!B8 -> Failure of key third-party vendor leading to service disruption | C29: ='Risk Register'!C8 -> Third-Party | D29: ='Risk Register'!H8 -> 6 | E29: ='Risk Register'!I8 -> Medium | F29: ='Risk Register'!J8 -> Procurement | G29: ='Risk Register'!K8 -> Treat | H29: ='Risk Register'!L8 -> Open
A30: ='Risk Register'!A9 -> R-005 | B30: ='Risk Register'!B9 -> Insider threat - malicious data exfiltration by privileged user | C30: ='Risk Register'!C9 -> Cybersecurity | D30: ='Risk Register'!H9 -> 8 | E30: ='Risk Register'!I9 -> Medium | F30: ='Risk Register'!J9 -> IT Security | G30: ='Risk Register'!K9 -> Treat | H30: ='Risk Register'!L9 -> Open
A31: ='Risk Register'!A12 -> R-008 | B31: ='Risk Register'!B12 -> Phishing campaign resulting in credential compromise | C31: ='Risk Register'!C12 -> Cybersecurity | D31: ='Risk Register'!H12 -> 10 | E31: ='Risk Register'!I12 -> High | F31: ='Risk Register'!J12 -> IT Security | G31: ='Risk Register'!K12 -> Treat | H31: ='Risk Register'!L12 -> Open
A34: NOTES & LEGEND
A35: • All KPI values and summary counts are formula-driven and will update when source data on other sheets changes.
A36: • Risk Score = Likelihood × Impact (1-5 scale). Residual Score reflects residual risk after controls. Risk Level derived from Residual Score.
A37: • Blue text = input values (editable). Black text = calculated formulas. Green text = cross-sheet references.
A38: • Overdue findings: Status ≠ Closed AND Today > Due Date. Days Open uses TODAY() for open items.
A39: • KRI Status: Green = Within tolerance | Amber = Warning | Red = Breach (thresholds defined per indicator).

Sheet Risk Register
A1: RISK REGISTER
A2: Risk Scoring Methodology: Likelihood (1-5) × Impact (1-5) = Inherent Score (1-25). Residual Score = Inherent Score adjusted by control effectiveness. Classification: 1-4 Low | 5-9 Medium | 10-15 High | 16-25 Critical
A4: Risk ID | B4: Risk | C4: Category | D4: Likelihood | E4: Impact | F4: Inherent Score | G4: Control | H4: Residual Score | I4: Risk Level | J4: Owner | K4: Treatment | L4: Status
A5: R-001 | B5: Unauthorized access to production systems via compromised credentials | C5: Cybersecurity | D5: 4 | E5: 5 | F5: =D5*E5 -> 20 | G5: C-001: Multi-factor authentication | H5: 16 | I5: =IF(H5>=16,"Critical",IF(H5>=10,"High",IF(H5>=5,"Medium","Low"))) -> Critical | J5: IT Security | K5: Treat | L5: Open
A6: R-002 | B6: Ransomware attack encrypting critical business data | C6: Cybersecurity | D6: 3 | E6: 5 | F6: =D6*E6 -> 15 | G6: C-002: Endpoint detection & response | H6: 12 | I6: =IF(H6>=16,"Critical",IF(H6>=10,"High",IF(H6>=5,"Medium","Low"))) -> High | J6: CISO | K6: Treat | L6: Open
A7: R-003 | B7: Data breach of customer PII due to misconfigured cloud storage | C7: Privacy | D7: 3 | E7: 5 | F7: =D7*E7 -> 15 | G7: C-003: Cloud security posture management | H7: 10 | I7: =IF(H7>=16,"Critical",IF(H7>=10,"High",IF(H7>=5,"Medium","Low"))) -> High | J7: Privacy Officer | K7: Treat | L7: In Progress
A8: R-004 | B8: Failure of key third-party vendor leading to service disruption | C8: Third-Party | D8: 3 | E8: 4 | F8: =D8*E8 -> 12 | G8: C-004: Vendor risk assessment program | H8: 6 | I8: =IF(H8>=16,"Critical",IF(H8>=10,"High",IF(H8>=5,"Medium","Low"))) -> Medium | J8: Procurement | K8: Treat | L8: Open
A9: R-005 | B9: Insider threat - malicious data exfiltration by privileged user | C9: Cybersecurity | D9: 2 | E9: 5 | F9: =D9*E9 -> 10 | G9: C-005: Privileged access management | H9: 8 | I9: =IF(H9>=16,"Critical",IF(H9>=10,"High",IF(H9>=5,"Medium","Low"))) -> Medium | J9: IT Security | K9: Treat | L9: Open
A10: R-006 | B10: Non-compliance with GDPR / data protection regulations | C10: Compliance | D10: 3 | E10: 4 | F10: =D10*E10 -> 12 | G10: C-006: Privacy impact assessments | H10: 6 | I10: =IF(H10>=16,"Critical",IF(H10>=10,"High",IF(H10>=5,"Medium","Low"))) -> Medium | J10: Compliance | K10: Treat | L10: In Progress
A11: R-007 | B11: Loss of key personnel in critical operations roles | C11: Operational | D11: 3 | E11: 3 | F11: =D11*E11 -> 9 | G11: C-007: Succession planning & cross-training | H11: 4 | I11: =IF(H11>=16,"Critical",IF(H11>=10,"High",IF(H11>=5,"Medium","Low"))) -> Low | J11: HR | K11: Tolerate | L11: Open
A12: R-008 | B12: Phishing campaign resulting in credential compromise | C12: Cybersecurity | D12: 4 | E12: 4 | F12: =D12*E12 -> 16 | G12: C-008: Security awareness training | H12: 10 | I12: =IF(H12>=16,"Critical",IF(H12>=10,"High",IF(H12>=5,"Medium","Low"))) -> High | J12: IT Security | K12: Treat | L12: Open
A13: R-009 | B13: Inadequate backup recovery leading to extended downtime | C13: Operational | D13: 2 | E13: 5 | F13: =D13*E13 -> 10 | G13: C-009: Backup & disaster recovery testing | H13: 6 | I13: =IF(H13>=16,"Critical",IF(H13>=10,"High",IF(H13>=5,"Medium","Low"))) -> Medium | J13: IT Operations | K13: Treat | L13: Open
A14: R-010 | B14: API vulnerability exploited by external attacker | C14: Cybersecurity | D14: 3 | E14: 4 | F14: =D14*E14 -> 12 | G14: C-010: API security gateway & scanning | H14: 8 | I14: =IF(H14>=16,"Critical",IF(H14>=10,"High",IF(H14>=5,"Medium","Low"))) -> Medium | J14: AppSec | K14: Treat | L14: In Progress
A15: R-011 | B15: Physical security breach at data center | C15: Physical | D15: 2 | E15: 4 | F15: =D15*E15 -> 8 | G15: C-011: Access control & CCTV monitoring | H15: 3 | I15: =IF(H15>=16,"Critical",IF(H15>=10,"High",IF(H15>=5,"Medium","Low"))) -> Low | J15: Facilities | K15: Treat | L15: Closed
A16: R-012 | B16: Supply chain compromise introducing malicious code | C16: Third-Party | D16: 2 | E16: 5 | F16: =D16*E16 -> 10 | G16: C-012: Software bill of materials (SBOM) | H16: 8 | I16: =IF(H16>=16,"Critical",IF(H16>=10,"High",IF(H16>=5,"Medium","Low"))) -> Medium | J16: AppSec | K16: Treat | L16: Open
... A21: R-017 | B21: Regulatory fines from delayed breach notification | C21: Compliance | D21: 2 | E21: 4 | F21: =D21*E21 -> 8 | G21: C-017: Breach notification procedures | H21: 3 | I21: =IF(H21>=16,"Critical",IF(H21>=10,"High",IF(H21>=5,"Medium","Low"))) -> Low | J21: Legal | K21: Treat | L21: Closed

Sheet Control Status
A1: CONTROL STATUS
A2: Control effectiveness is assessed as: Effective | Partially Effective | Ineffective | Not Tested. Frequency drives Next Test date.
A4: Control ID | B4: Control | C4: Framework | D4: Owner | E4: Frequency | F4: Last Test | G4: Result | H4: Evidence Status | I4: Effectiveness | J4: Next Test
A5: C-001 | B5: Multi-factor authentication enforced for all privileged and remote access | C5: ISO 27001 / NIST CSF | D5: IT Security | E5: Quarterly | F5: 46188 | G5: Effective | H5: Complete | I5: Effective | J5: 46278
A6: C-002 | B6: Endpoint detection and response (EDR) deployed on all endpoints | C6: NIST CSF | D6: IT Security | E6: Monthly | F6: 46235 | G6: Effective | H6: Complete | I6: Effective | J6: 46265
A7: C-003 | B7: Cloud security posture management (CSPM) continuous monitoring | C7: ISO 27001 | D7: Cloud Team | E7: Continuous | F7: 46254 | G7: Partially Effective | H7: Partial | I7: Partially Effective | J7: 46261
A8: C-004 | B8: Annual vendor risk assessment for critical suppliers | C8: ISO 27001 / SOC2 | D8: Procurement | E8: Annual | F8: 45971 | G8: Effective | H8: Complete | I8: Effective | J8: 46336
A9: C-005 | B9: Privileged access management (PAM) with just-in-time access | C9: NIST CSF | D9: IT Security | E9: Quarterly | F9: 46162 | G9: Partially Effective | H9: Partial | I9: Partially Effective | J9: 46252
A10: C-006 | B10: Privacy impact assessments for new data processing activities | C10: GDPR / ISO 27701 | D10: Privacy Officer | E10: Per Change | F10: 46204 | G10: Effective | H10: Complete | I10: Effective | J10: 46234
A11: C-007 | B11: Succession planning and cross-training for key roles | C11: ISO 22301 | D11: HR | E11: Annual | F11: 45915 | G11: Not Tested | H11: Missing | I11: Not Tested | J11: 46280
A12: C-008 | B12: Mandatory security awareness training for all employees | C12: ISO 27001 | D12: IT Security | E12: Annual | F12: 46082 | G12: Effective | H12: Complete | I12: Effective | J12: 46447
A13: C-009 | B13: Backup and disaster recovery testing (full restore) | C13: ISO 22301 | D13: IT Operations | E13: Semi-Annual | F13: 46081 | G13: Partially Effective | H13: Partial | I13: Partially Effective | J13: 46263
A14: C-010 | B14: API security gateway with rate limiting and schema validation | C14: OWASP / NIST | D14: AppSec | E14: Quarterly | F14: 46218 | G14: Effective | H14: Complete | I14: Effective | J14: 46308
A15: C-011 | B15: Physical access control and CCTV monitoring at data centers | C15: ISO 27001 | D15: Facilities | E15: Monthly | F15: 46244 | G15: Effective | H15: Complete | I15: Effective | J15: 46274
A16: C-012 | B16: Software bill of materials (SBOM) and dependency scanning | C16: NIST SSDF | D16: AppSec | E16: Per Release | F16: 46239 | G16: Partially Effective | H16: Partial | I16: Partially Effective | J16: 46269
... A22: C-018 | B22: Network segmentation between production and corporate environments | C22: NIST CSF | D22: Network Team | E22: Semi-Annual | F22: 46124 | G22: Effective | H22: Complete | I22: Effective | J22: 46306

Sheet Audit Findings
A1: AUDIT FINDINGS
A2: Days Open = TODAY() − Date Identified. Overdue? = IF(AND(Status<>"Closed", TODAY()>Due Date), "Yes", "No")
A4: Finding ID | B4: Finding | C4: Control | D4: Severity | E4: Owner | F4: Date Identified | G4: Due Date | H4: Status | I4: Days Open | J4: Overdue? | K4: Corrective Action
A5: F-001 | B5: Privileged accounts without MFA in production environment | C5: C-001 | D5: Critical | E5: IT Security | F5: 46152 | G5: 46213 | H5: Open | I5: =IF(H5="Closed",G5-F5,TODAY()-F5) -> 105 | J5: =IF(AND(H5<>"Closed",TODAY()>G5),"Yes","No") -> Yes | K5: Enforce MFA for all privileged accounts and remediate exceptions
A6: F-002 | B6: EDR coverage gaps on 12% of endpoints in remote workforce | C6: C-002 | D6: High | E6: IT Security | F6: 46174 | G6: 46235 | H6: In Progress | I6: =IF(H6="Closed",G6-F6,TODAY()-F6) -> 83 | J6: =IF(AND(H6<>"Closed",TODAY()>G6),"Yes","No") -> Yes | K6: Deploy EDR agents to remaining endpoints and verify health
A7: F-003 | B7: CSPM alerts not reviewed within SLA for critical misconfigurations | C7: C-003 | D7: High | E7: Cloud Team | F7: 46127 | G7: 46188 | H7: Open | I7: =IF(H7="Closed",G7-F7,TODAY()-F7) -> 130 | J7: =IF(AND(H7<>"Closed",TODAY()>G7),"Yes","No") -> Yes | K7: Implement automated triage and 24h SLA for critical findings
A8: F-004 | B8: Critical vendor assessment expired >90 days without renewal | C8: C-004 | D8: Medium | E8: Procurement | F8: 46101 | G8: 46193 | H8: In Progress | I8: =IF(H8="Closed",G8-F8,TODAY()-F8) -> 156 | J8: =IF(AND(H8<>"Closed",TODAY()>G8),"Yes","No") -> Yes | K8: Complete reassessment of Vendor-X and update risk score
A9: F-005 | B9: Standing privileged access still granted instead of JIT | C9: C-005 | D9: High | E9: IT Security | F9: 46167 | G9: 46259 | H9: Open | I9: =IF(H9="Closed",G9-F9,TODAY()-F9) -> 90 | J9: =IF(AND(H9<>"Closed",TODAY()>G9),"Yes","No") -> No | K9: Migrate remaining standing privileges to PAM JIT model
A10: F-006 | B10: Backup restore test failed RTO target by 4 hours | C10: C-009 | D10: High | E10: IT Operations | F10: 46081 | G10: 46170 | H10: Open | I10: =IF(H10="Closed",G10-F10,TODAY()-F10) -> 176 | J10: =IF(AND(H10<>"Closed",TODAY()>G10),"Yes","No") -> Yes | K10: Optimize restore procedures and re-test full recovery scenario
A11: F-007 | B11: SBOM not generated for 3 critical microservices | C11: C-012 | D11: Medium | E11: AppSec | F11: 46204 | G11: 46266 | H11: In Progress | I11: =IF(H11="Closed",G11-F11,TODAY()-F11) -> 53 | J11: =IF(AND(H11<>"Closed",TODAY()>G11),"Yes","No") -> No | K11: Integrate SBOM generation into CI pipeline for all services
A12: F-008 | B12: CASB not detecting shadow IT SaaS applications effectively | C12: C-015 | D12: High | E12: IT Security | F12: 46188 | G12: 46249 | H12: Open | I12: =IF(H12="Closed",G12-F12,TODAY()-F12) -> 69 | J12: =IF(AND(H12<>"Closed",TODAY()>G12),"Yes","No") -> Yes | K12: Tune CASB policies and enable discovery mode for all traffic
A13: F-009 | B13: Incident response tabletop findings not fully remediated | C13: C-016 | D13: Medium | E13: CISO | F13: 46001 | G13: 46091 | H13: Closed | I13: =IF(H13="Closed",G13-F13,TODAY()-F13) -> 90 | J13: =IF(AND(H13<>"Closed",TODAY()>G13),"Yes","No") -> No | K13: Update IR playbooks and complete outstanding action items
A14: F-010 | B14: Incomplete logging of admin actions on legacy systems | C14: C-013 | D14: Medium | E14: IT Security | F14: 46223 | G14: 46285 | H14: Open | I14: =IF(H14="Closed",G14-F14,TODAY()-F14) -> 34 | J14: =IF(AND(H14<>"Closed",TODAY()>G14),"Yes","No") -> No | K14: Enable audit logging on remaining legacy platforms and forward to SIEM
A15: F-011 | B15: Security awareness training completion rate below 85% target | C15: C-008 | D15: Low | E15: IT Security | F15: 46113 | G15: 46174 | H15: Closed | I15: =IF(H15="Closed",G15-F15,TODAY()-F15) -> 61 | J15: =IF(AND(H15<>"Closed",TODAY()>G15),"Yes","No") -> No | K15: Escalate non-completers to managers and enforce access restrictions
A16: F-012 | B16: Network segmentation gaps between DMZ and internal apps | C16: C-018 | D16: High | E16: Network Team | F16: 46147 | G16: 46239 | H16: In Progress | I16: =IF(H16="Closed",G16-F16,TODAY()-F16) -> 110 | J16: =IF(AND(H16<>"Closed",TODAY()>G16),"Yes","No") -> Yes | K16: Implement micro-segmentation rules and validate with penetration test

Sheet Remediation
A1: REMEDIATION TRACKER
A2: Tracks corrective actions linked to audit findings. Completion % drives status. Retest required after material control changes.
A4: Action ID | B4: Finding ID | C4: Action | D4: Owner | E4: Priority | F4: Target Date | G4: Status | H4: Completion % | I4: Evidence | J4: Retest Required | K4: Retest Result | L4: Closure Date
A5: A-001 | B5: F-001 | C5: Deploy MFA to remaining 47 privileged accounts and remove exceptions | D5: IT Security | E5: Critical | F5: 46213 | G5: In Progress | H5: 0.65 | I5: MFA enrollment report + exception log | J5: Yes
A6: A-002 | B6: F-002 | C6: Roll out EDR agents to 180 remote endpoints via MDM | D6: IT Security | E6: High | F6: 46235 | G6: In Progress | H6: 0.8 | I6: EDR console coverage dashboard | J6: Yes
A7: A-003 | B7: F-003 | C7: Configure automated critical alert routing to on-call Slack channel | D7: Cloud Team | E7: High | F7: 46188 | G7: Open | H7: 0.2 | I7: Alert configuration screenshots | J7: Yes
A8: A-004 | B8: F-004 | C8: Complete security questionnaire and on-site assessment for Vendor-X | D8: Procurement | E8: Medium | F8: 46193 | G8: In Progress | H8: 0.7 | I8: Completed assessment scorecard | J8: No
A9: A-005 | B9: F-005 | C9: Migrate 23 standing admin accounts to PAM JIT workflow | D9: IT Security | E9: High | F9: 46259 | G9: Open | H9: 0.15 | I9: PAM migration tracker | J9: Yes
A10: A-006 | B10: F-006 | C10: Tune backup restore scripts and re-run full DR test | D10: IT Operations | E10: High | F10: 46170 | G10: Open | H10: 0.4 | I10: DR test report with RTO metrics | J10: Yes
A11: A-007 | B11: F-007 | C11: Add SBOM generation step to GitHub Actions for 3 microservices | D11: AppSec | E11: Medium | F11: 46266 | G11: In Progress | H11: 0.5 | I11: Pipeline YAML + sample SBOM | J11: No
A12: A-008 | B12: F-008 | C12: Enable CASB discovery mode and tune false-positive rules | D12: IT Security | E12: High | F12: 46249 | G12: Open | H12: 0.1 | I12: CASB discovery report | J12: Yes
A13: A-009 | B13: F-009 | C13: Update IR playbooks based on tabletop lessons learned | D13: CISO | E13: Medium | F13: 46091 | G13: Closed | H13: 1 | I13: Updated IR playbook v2.1 | J13: Yes | K13: Effective | L13: 46086
A14: A-010 | B14: F-010 | C14: Enable detailed audit logging on 4 legacy Windows servers | D14: IT Security | E14: Medium | F14: 46285 | G14: Open | H14: 0.25 | I14: Event log configuration evidence | J14: Yes
A15: A-011 | B15: F-011 | C15: Enforce training completion gate for system access renewal | D15: IT Security | E15: Low | F15: 46174 | G15: Closed | H15: 1 | I15: Training LMS completion report | J15: No | K15: N/A | L15: 46170
A16: A-012 | B16: F-012 | C16: Implement additional firewall rules for DMZ-internal isolation | D16: Network Team | E16: High | F16: 46239 | G16: In Progress | H16: 0.55 | I16: Firewall change tickets + pen test results | J16: Yes

Sheet KRI
A1: KEY RISK INDICATORS (KRI)
A2: Status: Green = Within tolerance | Amber = Warning | Red = Breach. Thresholds define tolerance bands.
A4: KRI ID | B4: KRI Name | C4: Definition | D4: Calculation | E4: Current Value | F4: Threshold | G4: Status | H4: Owner | I4: Frequency
A5: KRI-001 | B5: Privileged accounts without MFA | C5: % of privileged accounts that do not have MFA enabled | D5: (Privileged accounts without MFA / Total privileged accounts) × 100 | E5: 0.08 | F5: ≤ 5% Green | 5-10% Amber | >10% Red | G5: Amber | H5: IT Security | I5: Monthly
A6: KRI-002 | B6: Critical vulnerabilities >30 days | C6: Number of critical severity vulnerabilities open longer than 30 days | D6: Count of Critical CVEs where (Today − First Detected) > 30 | E6: 7 | F6: ≤ 3 Green | 4-8 Amber | >8 Red | G6: Amber | H6: AppSec | I6: Weekly
A7: KRI-003 | B7: Overdue audit findings % | C7: Percentage of open audit findings past their due date | D7: (Overdue findings / Total open findings) × 100 | E7: 0.33 | F7: ≤ 10% Green | 10-25% Amber | >25% Red | G7: Red | H7: Compliance | I7: Monthly
A8: KRI-004 | B8: Vendors without current assessment | C8: % of critical vendors lacking a security assessment within the last 12 months | D8: (Critical vendors without current assessment / Total critical vendors) × 100 | E8: 0.15 | F8: ≤ 5% Green | 5-15% Amber | >15% Red | G8: Amber | H8: Procurement | I8: Quarterly
A9: KRI-005 | B9: Security incidents (monthly) | C9: Number of confirmed security incidents in the reporting period | D9: Count of incidents classified as Security Incident in SIEM / ticketing | E9: 4 | F9: ≤ 2 Green | 3-5 Amber | >5 Red | G9: Amber | H9: CISO | I9: Monthly
A10: KRI-006 | B10: Security awareness training completion | C10: % of employees who have completed mandatory security awareness training | D10: (Employees completed training / Total active employees) × 100 | E10: 0.91 | F10: ≥ 95% Green | 85-94% Amber | <85% Red | G10: Amber | H10: IT Security | I10: Quarterly
A11: KRI-007 | B11: Controls tested on schedule | C11: % of controls whose last test date is within the required frequency window | D11: (Controls tested on time / Total controls) × 100 | E11: 0.78 | F11: ≥ 90% Green | 75-89% Amber | <75% Red | G11: Amber | H11: Compliance | I11: Monthly
A12: KRI-008 | B12: Unresolved high/critical findings | C12: Number of High or Critical severity findings still open | D12: Count of findings where Severity in (High, Critical) AND Status ≠ Closed | E12: 6 | F12: ≤ 2 Green | 3-5 Amber | >5 Red | G12: Red | H12: CISO | I12: Weekly
A13: KRI-009 | B13: Mean time to remediate critical findings | C13: Average days from identification to closure for Critical findings | D13: Average(Closure Date − Date Identified) for Critical closed findings | E13: 48 | F13: ≤ 30 days Green | 31-60 Amber | >60 Red | G13: Amber | H13: Compliance | I13: Monthly
A14: KRI-010 | B14: Failed control tests | C14: Number of controls with most recent test result = Ineffective | D14: Count of controls where Result = Ineffective | E14: 1 | F14: 0 Green | 1-2 Amber | ≥3 Red | G14: Amber | H14: Compliance | I14: Monthly
